Jugador,Equipo,Posición específica,Edad,Partidos jugados,Minutos jugados,Goles,xG,Asistencias,xA,Duelos/90,"Duelos ganados, %",Duelos totales ganados/90,País de nacimiento,Pasaporte,Pie,Altura,Acciones defensivas realizadas/90,Duelos defensivos/90,"Duelos defensivos ganados, %",Duelos defensivos ganados/90,Duelos aéreos en los 90,"Duelos aéreos ganados, %",Duelos aéreos ganados/90,Entradas/90,Interceptaciones/90,Faltas/90,Acciones de ataque exitosas/90,Goles/90,"Goles, excepto los penaltis/90",xG/90,Goles de cabeza,Goles de cabeza/90,Remates,Remates/90,"Tiros a la portería, %","Goles hechos, %",Asistencias/90,Centros/90,"Precisión centros, %",Regates/90,"Regates realizados, %",Dribling completados/90,Duelos atacantes/90,"Duelos atacantes ganados, %",Duelos atacantes ganados/90,Toques en el área de penalti/90,Carreras en progresión/90,Aceleraciones/90,Pases recibidos /90,Pases largos recibidos/90,Faltas recibidas/90,Pases/90,"Precisión pases, %",Pases precisos/90,Pases hacia adelante/90,"Precisión pases hacia adelante, %",Pases precisos hacia adelante/90,Pases largos/90,"Precisión pases largos, %","Longitud media pases, m",xA/90,Jugadas claves/90,Pases en el último tercio/90,"Precisión pases en el último tercio, %",Pases en profundidad/90,"Precisión pases en profundidad, %",Pases en profundidad acertados/90,Ataque en profundidad/90,Centros desde el último tercio/90,Pases progresivos/90,"Precisión pases progresivos, %",Pases progresivos exitosos/90
F. Peña Biafore,Lanús,Volante central,24,9,404,0,0.46,0,0,13.37,63.33,8.467221,Argentina,Argentina,derecho,180,8.47,4.9,72.73,3.56377,4.46,75,3.345,0,4.9,0.22,0.67,0,0,0.1,0,0,4,0.89,25,0,0,0,0,0.45,100,0.45,2,55.56,1.1112,0.89,0.45,0.22,30.97,0,0.89,40.99,86.41,35.419459,12.92,81.03,10.469076,4.01,61.11,19.68,0,0,6.01,66.67,0.22,0,0,0.22,0,3.79,88.24,3.344296
W. Bou,Lanús,Delantero,32,7,409,2,1.11,1,0.25,11.66,32.08,3.740528,Argentina,Argentina,derecho,174,5.72,3.96,50,1.98,2.42,27.27,0.659934,0.44,3.3,1.1,1.1,0.44,0.22,0.24,0,0,5,1.1,40,40,0.22,0.88,50,0,0,0,3.3,26.67,0.88011,1.76,0.66,0,19.8,2.64,0.66,25.09,75.44,18.927896,4.18,47.37,1.980066,1.98,66.67,17.25,0.06,0.44,1.32,33.33,0.22,100,0.22,0.44,0.44,2.2,60,1.32
E. Salvio,Lanús,Extremo,35,9,659,1,1.79,1,1.17,16.53,35.54,5.874762,Argentina,Argentina,derecho,173,6.42,4.51,57.58,2.596858,0.82,16.67,0.136694,0.27,3.55,0.68,3.28,0.14,0.14,0.24,0,0,10,1.37,60,10,0.14,2.59,31.58,3.82,42.86,1.637252,9.56,32.86,3.141416,3.14,2.19,0.41,28.95,1.5,0.82,34.28,80.88,27.725664,6.42,65.96,4.234632,1.5,27.27,15.59,0.16,0.82,2.05,73.33,0,0,0,0.68,0.96,4.37,59.38,2.594906
A. Cardozo,Lanús,Volante central,28,8,781,0,0,1,0.64,11.52,56,6.4512,Argentina,Argentina,derecho,182,7.38,4.49,64.1,2.87809,2.19,63.16,1.383204,0,4.49,1.15,0.23,0,0,0,0,0,0,0,0,0,0.12,0.35,33.33,0.12,100,0.12,2.77,50,1.385,0,1.04,0,36.41,0.46,0.58,51.86,91.11,47.249646,14.98,82.31,12.330038,4.03,74.29,17.25,0.07,0.23,9.33,86.42,0.46,50,0.23,0.58,0.12,6.91,75,5.1825
R. Carrera,Lanús,Volante interno,32,9,625,1,0.94,1,0.12,18.86,49.62,9.358332,Argentina,Argentina,derecho,182,8.35,4.75,60.61,2.878975,4.9,58.82,2.88218,0.86,4.61,1.01,0.86,0.14,0.14,0.14,0,0,8,1.15,25,12.5,0.14,1.3,11.11,1.15,37.5,0.43125,5.9,41.46,2.44614,1.15,0.72,0.14,22.03,1.44,1.15,31.1,68.06,21.16666,10.8,45.33,4.89564,5.62,48.72,19.04,0.02,0.43,4.32,40,0.72,40,0.288,1.15,0,5.76,70,4.032
M. Sepúlveda,Lanús,Volante interno,26,6,187,0,0.02,1,0.25,18.29,50,9.145,Chile,Chile,izquierdo,184,9.14,4.33,77.78,3.367874,4.33,44.44,1.924252,0.48,5.29,0.96,0.48,0,0,0.01,0,0,4,1.93,0,0,0.48,1.93,0,1.93,25,0.4825,8.66,38.89,3.367874,0.96,2.89,0.48,31.28,2.89,2.41,42.83,77.53,33.206099,12.51,57.69,7.217019,4.33,44.44,21.83,0.12,0,5.29,72.73,1.44,33.33,0.479952,0.48,0,6.74,71.43,4.814382
C. Izquierdoz,Lanús,Defensor central,37,7,683,1,0.36,0,0.11,14.23,57.41,8.169443,Argentina,"Argentina, Italy",derecho,185,6.06,4.61,57.14,2.634154,5.67,60.47,3.428649,0.4,3.03,0.79,0.4,0.13,0.13,0.05,1,0.13,4,0.53,25,25,0,0.13,100,0.13,100,0.13,0.92,85.71,0.788532,0.79,0.13,0,30.97,0.26,0.66,44.28,89.29,39.537612,19.11,80.69,15.419859,6.59,70,20.9,0.01,0,3.82,65.52,0.26,50,0.13,0.13,0.13,7.91,73.33,5.800403
T. Guidara,Lanús,Lateral derecho,30,8,694,0,0,0,0.36,18.67,54.17,10.113539,Argentina,Argentina,derecho,173,9.73,8.17,74.6,6.09482,2.33,61.11,1.423863,0,3.63,1.69,0.65,0,0,0,0,0,0,0,0,0,0,1.04,37.5,0.65,40,0.26,5.06,23.08,1.167848,0.26,0.91,0.13,28.92,1.17,0.78,41.5,83.13,34.49895,19.45,77.33,15.040685,5.58,51.16,18.96,0.05,0.26,6.48,70,0.13,0,0,0.39,0.39,11.28,74.71,8.427288
S. Marcich,Lanús,Lateral izquierdo,27,9,748,1,0.13,0,0.39,15.88,49.24,7.819312,Argentina,Argentina,izquierdo,175,6.5,6.26,50,3.13,2.53,47.62,1.204786,0,3.37,1.44,1.93,0.12,0.12,0.02,0,0,2,0.24,50,50,0,3.61,20,2.05,52.94,1.08527,4.45,45.95,2.044775,1.44,1.08,0.12,26.35,3.25,0.96,38.14,71.92,27.430288,12.87,62.62,8.059194,4.45,35.14,20.21,0.05,0.12,5.17,65.12,0.12,0,0,0.36,0.6,8.66,62.5,5.4125
F. Watson,Lanús,Volante interno,23,6,256,0,0.22,0,0,14.77,45.24,6.681948,Argentina,"Argentina, Italy",derecho,177,4.22,3.52,60,2.112,2.81,50,1.405,0.35,1.76,1.05,0,0,0,0.08,0,0,3,1.05,0,0,0,0,0,0,0,0,5.63,43.75,2.463125,1.05,1.76,0.35,34.45,2.46,1.76,36.21,92.23,33.396483,7.73,90.91,7.027343,0.7,100,11.4,0,0,3.87,90.91,0,0,0,1.05,0,3.52,70,2.464
N. Morgantini,Lanús,Lateral derecho,31,2,150,0,0,0,0,13.2,40.91,5.40012,Argentina,Argentina,derecho,178,6,6.6,45.45,2.9997,2.4,75,1.8,0,3,3,0,0,0,0,0,0,0,0,0,0,0,2.4,0,0.6,0,0,3.6,16.67,0.60012,0,1.2,0.6,33,1.8,1.2,43.2,83.33,35.99856,18,73.33,13.1994,4.2,28.57,14.69,0,0,6,60,0,0,0,0,0.6,7.2,66.67,4.80024
G. Pérez,Lanús,Defensor central,25,3,133,0,0,0,0,10.15,60,6.09,Uruguay,Uruguay,derecho,184,5.41,4.74,57.14,2.708436,2.03,33.33,0.676599,0,2.71,0.68,0,0,0,0,0,0,0,0,0,0,0,0,0,0,0,0,0.68,0,0,0,0,0,39.92,0,0,50.75,92,46.69,21.65,90.63,19.621395,4.06,83.33,18.12,0,0,6.09,66.67,0,0,0,0,0,9.47,85.71,8.116737
J. Canale,Lanús,Defensor central,29,8,785,0,0.02,0,0.13,10.32,61.11,6.306552,Paraguay,Paraguay,izquierdo,187,8.03,3.55,67.74,2.40477,3.9,61.76,2.40864,0.23,5.39,0.69,0.11,0,0,0,0,0,1,0.11,0,0,0,0.11,0,0.11,100,0.11,1.15,50,0.575,0.46,0.57,0,28.55,0.8,0.57,40.01,85.67,34.276567,17.08,78.52,13.411216,5.62,42.86,20.75,0.02,0.11,2.87,44,0.46,50,0.23,0.34,0,7.22,65.08,4.698776
M. Moreno,Lanús,Volante interno,30,4,392,3,1.7,1,0.61,14.92,40,5.968,Argentina,Argentina,derecho,168,2.76,2.98,53.85,1.60473,1.38,16.67,0.230046,0,1.15,0.69,5.05,0.69,0.69,0.39,0,0,14,3.21,57.14,21.429,0.23,0.69,33.33,4.59,55,2.5245,9.18,42.5,3.9015,2.98,1.61,0.69,24.34,2.3,0.92,25.48,84.68,21.576464,7.81,79.41,6.201921,1.61,57.14,16.28,0.14,0.69,6.43,82.14,1.15,40,0.46,0.46,0.23,2.98,100,2.98
D. Aquino,Lanús,Extremo,20,7,319,5,1.68,0,1.02,24.26,36.05,8.74573,Argentina,Argentina,derecho,171,5.64,4.8,58.82,2.82336,1.41,20,0.282,0,2.82,1.13,4.8,1.41,1.41,0.47,0,0,13,3.67,69.23,38.462,0,1.97,14.29,5.08,33.33,1.693164,14.39,27.45,3.950055,3.95,3.1,0.28,26.8,3.1,0.85,33.86,76.67,25.960462,5.64,65,3.666,1.13,75,14.98,0.29,0.85,2.82,60,0.28,100,0.28,1.41,0.28,3.39,83.33,2.824887
B. Cabrera,Lanús,Extremo,22,5,163,0,0.36,0,0,25.4,41.3,10.4902,Argentina,Argentina,derecho,175,7.18,9.94,38.89,3.865666,5.52,60,3.312,0.55,2.76,4.42,0.55,0,0,0.2,0,0,2,1.1,0,0,0,0,0,1.66,33.33,0.553278,7.18,30.77,2.209286,2.76,1.66,2.21,20.43,1.1,1.1,24.85,88.89,22.089165,5.52,70,3.864,0,0,12.41,0,0,1.1,100,0,0,0,0.55,0,2.21,75,1.6575
A. Medina,Lanús,Volante interno,19,7,443,0,0.24,0,0.08,18.08,58.43,10.564144,Argentina,Argentina,unknown,0,10.36,9.95,65.31,6.498345,2.64,61.54,1.624656,0.41,3.45,1.83,0.61,0,0,0.05,0,0,4,0.81,0,0,0,0.61,33.33,0.81,50,0.405,3.05,40,1.22,0.41,0.2,0,41.85,0.41,0.61,56.28,86.64,48.760992,15.03,74.32,11.170296,4.06,55,18.18,0.02,0,6.5,87.5,0.81,25,0.2025,0.41,0.2,6.91,58.82,4.064462
R. De Jesús,Lanús,Defensor central,24,5,220,0,0.08,0,0,8.59,47.62,4.090558,Paraguay,"Paraguay, Brazil",derecho,192,7.36,3.27,62.5,2.04375,2.86,42.86,1.225796,0.41,4.91,0.41,0,0,0,0.03,0,0,2,0.82,0,0,0,0.41,0,0,0,0,0.82,50,0.41,1.23,0.41,0,29.86,0.41,0.41,42.55,84.62,36.00581,21.27,71.15,15.133605,6.55,50,25.95,0,0,2.86,28.57,0,0,0,0,0,6.14,66.67,4.093538
L. Besozzi,Lanús,Extremo,23,5,114,0,0.12,1,0.03,11.84,33.33,3.946272,Argentina,Argentina,derecho,176,0.79,0.79,100,0.79,0,0,0,0,0,0,3.16,0,0,0.09,0,0,1,0.79,100,0,0.79,0.79,100,3.16,50,1.58,11.05,28.57,3.156985,1.58,3.95,1.58,29.21,2.37,0.79,34.74,81.82,28.424268,7.11,55.56,3.950316,1.58,0,18.86,0.02,0.79,2.37,33.33,0,0,0,0,0.79,3.16,75,2.37
Alexis González,Lanús,Extremo,21,23,2060,1,1.55,6,4.9,21.93,52.99,11.620707,Argentina,Argentina,right,0,8.52,7.21,63.64,4.588444,1.31,43.33,0.567623,0.22,3.71,1.05,5.55,0.04,0.04,0.07,0,0,25,1.09,32,4,0.26,0.21,5.9,29.63,5.33,63.11,3.363763,11.45,48.47,5.549815,1.92,2.4,21.36,2.23,1.75,30.76,69.18,21.279768,9.74,66.82,6.508268,2.97,38.24,1.135728,21.2,0.7,3.28,70.67,0.22,40,0.088,0.57,2.01,6.6,69.54,4.58964
Yoshan Valois,Lanús,Delantero,21,26,2047,10,7.93,0,0.83,21.72,29.55,6.41826,Colombia,Colombia,,0,2.29,2.55,39.66,1.01133,6.46,40.82,2.636972,0,1.28,1.71,1.28,0.44,0.44,0.35,4,0.18,46,2.02,39.13,21.739,0,0.04,0.4,11.11,1.23,35.71,0.439233,9.45,22.33,2.110185,2.24,0.53,6.99,2.2,1.41,10.24,75.97,7.779328,1.28,55.17,0.706176,0.31,71.43,0.221433,14.32,0.18,0.84,57.89,0.04,100,0.04,0.4,0.04,0.66,66.67,0.440022
L. Romero,Lanús,Defensor central,20,17,1332,0,0.45,0,0.2,17.91,66.42,11.895822,Argentina,Argentina,unknown,186,10.47,7.09,71.43,5.064387,4.59,69.12,3.172608,0.54,4.86,1.35,1.01,0,0,0.03,0,0,4,0.27,25,0,0,0.01,0.27,50,1.01,80,0.808,3.24,60.42,1.957608,0.81,1.69,30.61,0.68,0.68,47.3,84.86,40.13878,17.7,70.61,12.49797,5.14,53.95,2.77303,19.24,0,4.05,60,0.34,40,0.136,0.14,0.14,8.31,60.16,4.999296
Ó. Ontivero,Lanús,Lateral izquierdo,20,11,692,0,0.15,0,0.33,23.28,54.19,12.615432,Argentina,Argentina,left,174,10.53,8.84,72.06,6.370104,3.51,40.74,1.429974,0.65,3.51,1.3,3.77,0,0,0.02,0,0,5,0.65,20,0,0,0.04,3.12,37.5,3.64,60.71,2.209844,8.97,47.83,4.290351,0.78,1.56,24.84,1.43,1.43,34.47,79.25,27.317475,12.1,74.19,8.97699,2.86,45.45,1.29987,19.96,0.26,3.9,86.67,0.13,100,0.13,0.13,1.3,7.8,60,4.68
F. Acosta,Lanús,Lateral izquierdo,21,4,303,0,0.05,0,0.08,17.82,58.33,10.394406,Argentina,Argentina,left,0,8.32,7.43,60,4.458,0.89,66.67,0.593363,0.59,3.27,1.19,3.27,0,0,0.02,0,0,4,1.19,0,0,0,0.02,3.56,16.67,3.27,81.82,2.675514,8.61,55.17,4.750137,0,2.08,31.19,3.27,1.78,46.63,78.34,36.529942,16.34,69.09,11.289306,5.94,50,2.97,18.94,0.3,6.53,68.18,0.3,0,0,0.3,0.59,7.72,61.54,4.750888
R. Loaiza,Lanús,Volante central,31,1,46,0,0,0,0,7.83,75,5.8725,Colombia,Colombia,right,180,9.78,5.87,100,5.87,0,0,0,0,3.91,0,0,0,0,0,0,0,0,0,0,0,0,0,0,0,0,0,0,1.96,0,0,0,0,70.43,0,0,80.22,95.12,76.305264,15.65,87.5,13.69375,5.87,100,5.87,17.55,0,7.83,75,1.96,100,1.96,1.96,0,11.74,83.33,9.782942
N. Díaz,Lanús,Volante interno,23,,0,,0,0,0,,,0,Argentina,Argentina,right,0,,,,0,,,0,,,,,,,,0,,0,,,0,,,,,,,0,,,0,,,,,,,,0,,,0,,,0,0,,,,,,0,,,,,0
